Признак,Linear,Ridge,Lasso
km_driven,-37411.681012737215,-37451.47817037575,-37346.01654684257
mileage,1752.8558343772966,1860.0208832731578,1302.3795360784268
engine,28302.539159534088,29221.26746360415,27655.547578496054
max_power,260552.89727427985,259538.65109944018,260649.23074874256
seats,-16492.826425610103,-16617.3265263867,-16233.59174631899
car_age,-143202.38243658224,-142984.39497892171,-143322.17943439155
fuel_Diesel,54597.10807596076,50946.62384405688,47957.1993459469
fuel_LPG,10607.706702408585,10059.023070762185,9531.475029520208
fuel_Petrol,6872.800925483232,3328.8096148319555,0.0
seller_type_Individual,-30099.19010225327,-30170.92032905283,-30068.10117407343
seller_type_Trustmark Dealer,-11071.257619914135,-11042.16348880023,-10942.527134988068
transmission_Manual,-66638.20528122518,-66814.88273024301,-66625.41723478115
owner_Fourth & Above Owner,-5422.46403812351,-5489.803108794974,-5335.790527628512
owner_Second Owner,-25320.98220793925,-25404.182901480726,-25232.706313761042
owner_Third Owner,-13355.126882777615,-13417.808652442702,-13246.03767148563
brand_Ford,7312.40137726572,6297.1438897324115,6347.524735848738
brand_Honda,-2986.687338948453,-3912.0268797742947,-3727.045552869954
brand_Hyundai,20122.569971783054,18484.133780781744,18514.067638723613
brand_Mahindra,19198.812837698646,17677.60845001395,17815.335124610516
brand_Maruti,77246.23092206921,75004.64041683421,75222.91570804495
brand_Other,84568.10044268824,83458.30862736402,83517.82825512471
brand_Renault,7151.141026607613,6411.953246894907,6391.062830792439
brand_Tata,-10358.095563933404,-11650.55598007541,-11456.481058410529
brand_Toyota,61049.79681909845,59892.847472189154,60081.36075706559
brand_Volkswagen,-10552.343210479125,-11177.117499806114,-11070.584362487754
